PRAGMA foreign_keys=OFF;
BEGIN TRANSACTION;
CREATE TABLE IF NOT EXISTS "django_migrations" ("id" integer NOT NULL PRIMARY KEY AUTOINCREMENT, "app" varchar(255) NOT NULL, "name" varchar(255) NOT NULL, "applied" datetime NOT NULL);
INSERT INTO django_migrations VALUES(1,'contenttypes','0001_initial','2024-11-02 11:37:27.634491');
INSERT INTO django_migrations VALUES(2,'auth','0001_initial','2024-11-02 11:37:27.641151');
INSERT INTO django_migrations VALUES(3,'admin','0001_initial','2024-11-02 11:37:27.646153');
INSERT INTO django_migrations VALUES(4,'admin','0002_logentry_remove_auto_add','2024-11-02 11:37:27.651311');
INSERT INTO django_migrations VALUES(5,'admin','0003_logentry_add_action_flag_choices','2024-11-02 11:37:27.655070');
INSERT INTO django_migrations VALUES(6,'contenttypes','0002_remove_content_type_name','2024-11-02 11:37:27.662591');
INSERT INTO django_migrations VALUES(7,'auth','0002_alter_permission_name_max_length','2024-11-02 11:37:27.667762');
INSERT INTO django_migrations VALUES(8,'auth','0003_alter_user_email_max_length','2024-11-02 11:37:27.672862');
INSERT INTO django_migrations VALUES(9,'auth','0004_alter_user_username_opts','2024-11-02 11:37:27.676420');
INSERT INTO django_migrations VALUES(10,'auth','0005_alter_user_last_login_null','2024-11-02 11:37:27.681184');
INSERT INTO django_migrations VALUES(11,'auth','0006_require_contenttypes_0002','2024-11-02 11:37:27.682036');
INSERT INTO django_migrations VALUES(12,'auth','0007_alter_validators_add_error_messages','2024-11-02 11:37:27.685334');
INSERT INTO django_migrations VALUES(13,'auth','0008_alter_user_username_max_length','2024-11-02 11:37:27.707116');
INSERT INTO django_migrations VALUES(14,'auth','0009_alter_user_last_name_max_length','2024-11-02 11:37:27.712977');
INSERT INTO django_migrations VALUES(15,'auth','0010_alter_group_name_max_length','2024-11-02 11:37:27.717780');
INSERT INTO django_migrations VALUES(16,'auth','0011_update_proxy_permissions','2024-11-02 11:37:27.721065');
INSERT INTO django_migrations VALUES(17,'auth','0012_alter_user_first_name_max_length','2024-11-02 11:37:27.726028');
INSERT INTO django_migrations VALUES(18,'catalog','0001_initial','2024-11-02 11:37:27.733724');
INSERT INTO django_migrations VALUES(19,'sessions','0001_initial','2024-11-02 11:37:27.735833');
INSERT INTO django_migrations VALUES(20,'catalog','0002_alter_image_options_alter_image_image_and_more','2024-11-02 17:26:25.032729');
INSERT INTO django_migrations VALUES(21,'thumbnail','0001_initial','2024-11-02 17:26:25.034928');
CREATE TABLE IF NOT EXISTS "auth_group_permissions" ("id" integer NOT NULL PRIMARY KEY AUTOINCREMENT, "group_id" integer NOT NULL REFERENCES "auth_group" ("id") DEFERRABLE INITIALLY DEFERRED, "permission_id" integer NOT NULL REFERENCES "auth_permission" ("id") DEFERRABLE INITIALLY DEFERRED);
CREATE TABLE IF NOT EXISTS "auth_user_groups" ("id" integer NOT NULL PRIMARY KEY AUTOINCREMENT, "user_id" integer NOT NULL REFERENCES "auth_user" ("id") DEFERRABLE INITIALLY DEFERRED, "group_id" integer NOT NULL REFERENCES "auth_group" ("id") DEFERRABLE INITIALLY DEFERRED);
CREATE TABLE IF NOT EXISTS "auth_user_user_permissions" ("id" integer NOT NULL PRIMARY KEY AUTOINCREMENT, "user_id" integer NOT NULL REFERENCES "auth_user" ("id") DEFERRABLE INITIALLY DEFERRED, "permission_id" integer NOT NULL REFERENCES "auth_permission" ("id") DEFERRABLE INITIALLY DEFERRED);
CREATE TABLE IF NOT EXISTS "django_admin_log" ("id" integer NOT NULL PRIMARY KEY AUTOINCREMENT, "object_id" text NULL, "object_repr" varchar(200) NOT NULL, "action_flag" smallint unsigned NOT NULL CHECK ("action_flag" >= 0), "change_message" text NOT NULL, "content_type_id" integer NULL REFERENCES "django_content_type" ("id") DEFERRABLE INITIALLY DEFERRED, "user_id" integer NOT NULL REFERENCES "auth_user" ("id") DEFERRABLE INITIALLY DEFERRED, "action_time" datetime NOT NULL);
INSERT INTO django_admin_log VALUES(1,'1','electronics',1,'[{"added": {}}]',7,1,'2024-11-02 11:42:42.886243');
INSERT INTO django_admin_log VALUES(2,'1','didgital',1,'[{"added": {}}]',9,1,'2024-11-02 11:43:06.256708');
INSERT INTO django_admin_log VALUES(3,'1','iphone11',1,'[{"added": {}}, {"added": {"name": "\u0433\u043b\u0430\u0432\u043d\u0430\u044f \u043a\u0430\u0440\u0442\u0438\u043d\u043a\u0430", "object": "Image 1"}}, {"added": {"name": "\u0433\u043b\u0430\u0432\u043d\u0430\u044f \u043a\u0430\u0440\u0442\u0438\u043d\u043a\u0430", "object": "Image 1"}}]',8,1,'2024-11-02 11:45:13.321556');
INSERT INTO django_admin_log VALUES(4,'2','iphone12',1,'[{"added": {}}, {"added": {"name": "\u0433\u043b\u0430\u0432\u043d\u0430\u044f \u043a\u0430\u0440\u0442\u0438\u043d\u043a\u0430", "object": "Image 2"}}, {"added": {"name": "\u0433\u043b\u0430\u0432\u043d\u0430\u044f \u043a\u0430\u0440\u0442\u0438\u043d\u043a\u0430", "object": "Image 2"}}]',8,1,'2024-11-02 11:49:07.438872');
INSERT INTO django_admin_log VALUES(5,'2','iphone12',2,'[]',8,1,'2024-11-02 19:25:51.705553');
INSERT INTO django_admin_log VALUES(6,'2','iphone12',2,'[{"deleted": {"name": "\u0433\u043b\u0430\u0432\u043d\u0430\u044f \u043a\u0430\u0440\u0442\u0438\u043d\u043a\u0430", "object": "Image None"}}]',8,1,'2024-11-02 19:26:47.331917');
INSERT INTO django_admin_log VALUES(7,'2','iphone12',2,'[{"added": {"name": "\u0433\u043b\u0430\u0432\u043d\u0430\u044f \u043a\u0430\u0440\u0442\u0438\u043d\u043a\u0430", "object": "Image 3"}}]',8,1,'2024-11-02 19:28:26.728275');
INSERT INTO django_admin_log VALUES(8,'2','iphone12',3,'',8,1,'2024-11-02 19:29:59.093659');
INSERT INTO django_admin_log VALUES(9,'1','iphone11',3,'',8,1,'2024-11-02 19:30:04.112090');
INSERT INTO django_admin_log VALUES(10,'3','iphone12',1,'[{"added": {}}, {"added": {"name": "\u0433\u043b\u0430\u0432\u043d\u0430\u044f \u043a\u0430\u0440\u0442\u0438\u043d\u043a\u0430", "object": "Image 4"}}, {"added": {"name": "\u0434\u043e\u043f\u043e\u043b\u043d\u0438\u0442\u0435\u043b\u044c\u043d\u0430\u044f \u043a\u0430\u0440\u0442\u0438\u043d\u043a\u0430", "object": "Image 3"}}]',8,1,'2024-11-02 19:32:06.112623');
INSERT INTO django_admin_log VALUES(11,'2','iphone7',1,'[{"added": {}}]',9,1,'2024-11-02 19:51:07.859635');
INSERT INTO django_admin_log VALUES(12,'2','iphone7',3,'',9,1,'2024-11-02 19:51:28.157215');
INSERT INTO django_admin_log VALUES(13,'3','home',1,'[{"added": {}}]',9,1,'2024-11-02 19:51:47.539025');
INSERT INTO django_admin_log VALUES(14,'2','home',1,'[{"added": {}}]',7,1,'2024-11-02 19:52:17.013519');
INSERT INTO django_admin_log VALUES(15,'3','home',3,'',9,1,'2024-11-02 19:52:25.519141');
INSERT INTO django_admin_log VALUES(16,'4','smart',1,'[{"added": {}}]',9,1,'2024-11-02 19:53:07.110366');
INSERT INTO django_admin_log VALUES(17,'5','expensive',1,'[{"added": {}}]',9,1,'2024-11-02 19:53:41.547129');
INSERT INTO django_admin_log VALUES(18,'6','common',1,'[{"added": {}}]',9,1,'2024-11-02 19:54:44.465254');
INSERT INTO django_admin_log VALUES(19,'7','user_love',1,'[{"added": {}}]',9,1,'2024-11-02 19:55:12.587447');
INSERT INTO django_admin_log VALUES(20,'4','iPhone 16 pro max',1,'[{"added": {}}, {"added": {"name": "\u0433\u043b\u0430\u0432\u043d\u0430\u044f \u043a\u0430\u0440\u0442\u0438\u043d\u043a\u0430", "object": "Image 5"}}]',8,1,'2024-11-02 19:56:06.231286');
INSERT INTO django_admin_log VALUES(21,'5','iPhone 15',1,'[{"added": {}}, {"added": {"name": "\u0433\u043b\u0430\u0432\u043d\u0430\u044f \u043a\u0430\u0440\u0442\u0438\u043d\u043a\u0430", "object": "Image 6"}}]',8,1,'2024-11-02 19:56:46.375867');
INSERT INTO django_admin_log VALUES(22,'6','iPhone 11',1,'[{"added": {}}, {"added": {"name": "\u0433\u043b\u0430\u0432\u043d\u0430\u044f \u043a\u0430\u0440\u0442\u0438\u043d\u043a\u0430", "object": "Image 7"}}, {"added": {"name": "\u0434\u043e\u043f\u043e\u043b\u043d\u0438\u0442\u0435\u043b\u044c\u043d\u0430\u044f \u043a\u0430\u0440\u0442\u0438\u043d\u043a\u0430", "object": "Image 4"}}]',8,1,'2024-11-02 19:57:16.499962');
INSERT INTO django_admin_log VALUES(23,'7','iPhone 7 max',1,'[{"added": {}}, {"added": {"name": "\u0433\u043b\u0430\u0432\u043d\u0430\u044f \u043a\u0430\u0440\u0442\u0438\u043d\u043a\u0430", "object": "Image 8"}}, {"added": {"name": "\u0434\u043e\u043f\u043e\u043b\u043d\u0438\u0442\u0435\u043b\u044c\u043d\u0430\u044f \u043a\u0430\u0440\u0442\u0438\u043d\u043a\u0430", "object": "Image 5"}}]',8,1,'2024-11-02 19:58:24.066116');
CREATE TABLE IF NOT EXISTS "django_content_type" ("id" integer NOT NULL PRIMARY KEY AUTOINCREMENT, "app_label" varchar(100) NOT NULL, "model" varchar(100) NOT NULL);
INSERT INTO django_content_type VALUES(1,'admin','logentry');
INSERT INTO django_content_type VALUES(2,'auth','permission');
INSERT INTO django_content_type VALUES(3,'auth','group');
INSERT INTO django_content_type VALUES(4,'auth','user');
INSERT INTO django_content_type VALUES(5,'contenttypes','contenttype');
INSERT INTO django_content_type VALUES(6,'sessions','session');
INSERT INTO django_content_type VALUES(7,'catalog','category');
INSERT INTO django_content_type VALUES(8,'catalog','item');
INSERT INTO django_content_type VALUES(9,'catalog','tag');
INSERT INTO django_content_type VALUES(10,'catalog','mainimage');
INSERT INTO django_content_type VALUES(11,'catalog','image');
INSERT INTO django_content_type VALUES(12,'thumbnail','kvstore');
CREATE TABLE IF NOT EXISTS "auth_permission" ("id" integer NOT NULL PRIMARY KEY AUTOINCREMENT, "content_type_id" integer NOT NULL REFERENCES "django_content_type" ("id") DEFERRABLE INITIALLY DEFERRED, "codename" varchar(100) NOT NULL, "name" varchar(255) NOT NULL);
INSERT INTO auth_permission VALUES(1,1,'add_logentry','Can add log entry');
INSERT INTO auth_permission VALUES(2,1,'change_logentry','Can change log entry');
INSERT INTO auth_permission VALUES(3,1,'delete_logentry','Can delete log entry');
INSERT INTO auth_permission VALUES(4,1,'view_logentry','Can view log entry');
INSERT INTO auth_permission VALUES(5,2,'add_permission','Can add permission');
INSERT INTO auth_permission VALUES(6,2,'change_permission','Can change permission');
INSERT INTO auth_permission VALUES(7,2,'delete_permission','Can delete permission');
INSERT INTO auth_permission VALUES(8,2,'view_permission','Can view permission');
INSERT INTO auth_permission VALUES(9,3,'add_group','Can add group');
INSERT INTO auth_permission VALUES(10,3,'change_group','Can change group');
INSERT INTO auth_permission VALUES(11,3,'delete_group','Can delete group');
INSERT INTO auth_permission VALUES(12,3,'view_group','Can view group');
INSERT INTO auth_permission VALUES(13,4,'add_user','Can add user');
INSERT INTO auth_permission VALUES(14,4,'change_user','Can change user');
INSERT INTO auth_permission VALUES(15,4,'delete_user','Can delete user');
INSERT INTO auth_permission VALUES(16,4,'view_user','Can view user');
INSERT INTO auth_permission VALUES(17,5,'add_contenttype','Can add content type');
INSERT INTO auth_permission VALUES(18,5,'change_contenttype','Can change content type');
INSERT INTO auth_permission VALUES(19,5,'delete_contenttype','Can delete content type');
INSERT INTO auth_permission VALUES(20,5,'view_contenttype','Can view content type');
INSERT INTO auth_permission VALUES(21,6,'add_session','Can add session');
INSERT INTO auth_permission VALUES(22,6,'change_session','Can change session');
INSERT INTO auth_permission VALUES(23,6,'delete_session','Can delete session');
INSERT INTO auth_permission VALUES(24,6,'view_session','Can view session');
INSERT INTO auth_permission VALUES(25,7,'add_category','Can add категория');
INSERT INTO auth_permission VALUES(26,7,'change_category','Can change категория');
INSERT INTO auth_permission VALUES(27,7,'delete_category','Can delete категория');
INSERT INTO auth_permission VALUES(28,7,'view_category','Can view категория');
INSERT INTO auth_permission VALUES(29,8,'add_item','Can add товар');
INSERT INTO auth_permission VALUES(30,8,'change_item','Can change товар');
INSERT INTO auth_permission VALUES(31,8,'delete_item','Can delete товар');
INSERT INTO auth_permission VALUES(32,8,'view_item','Can view товар');
INSERT INTO auth_permission VALUES(33,9,'add_tag','Can add тег');
INSERT INTO auth_permission VALUES(34,9,'change_tag','Can change тег');
INSERT INTO auth_permission VALUES(35,9,'delete_tag','Can delete тег');
INSERT INTO auth_permission VALUES(36,9,'view_tag','Can view тег');
INSERT INTO auth_permission VALUES(37,10,'add_mainimage','Can add главная картинка');
INSERT INTO auth_permission VALUES(38,10,'change_mainimage','Can change главная картинка');
INSERT INTO auth_permission VALUES(39,10,'delete_mainimage','Can delete главная картинка');
INSERT INTO auth_permission VALUES(40,10,'view_mainimage','Can view главная картинка');
INSERT INTO auth_permission VALUES(41,11,'add_image','Can add главная картинка');
INSERT INTO auth_permission VALUES(42,11,'change_image','Can change главная картинка');
INSERT INTO auth_permission VALUES(43,11,'delete_image','Can delete главная картинка');
INSERT INTO auth_permission VALUES(44,11,'view_image','Can view главная картинка');
INSERT INTO auth_permission VALUES(45,12,'add_kvstore','Can add kv store');
INSERT INTO auth_permission VALUES(46,12,'change_kvstore','Can change kv store');
INSERT INTO auth_permission VALUES(47,12,'delete_kvstore','Can delete kv store');
INSERT INTO auth_permission VALUES(48,12,'view_kvstore','Can view kv store');
CREATE TABLE IF NOT EXISTS "auth_group" ("id" integer NOT NULL PRIMARY KEY AUTOINCREMENT, "name" varchar(150) NOT NULL UNIQUE);
CREATE TABLE IF NOT EXISTS "auth_user" ("id" integer NOT NULL PRIMARY KEY AUTOINCREMENT, "password" varchar(128) NOT NULL, "last_login" datetime NULL, "is_superuser" bool NOT NULL, "username" varchar(150) NOT NULL UNIQUE, "last_name" varchar(150) NOT NULL, "email" varchar(254) NOT NULL, "is_staff" bool NOT NULL, "is_active" bool NOT NULL, "date_joined" datetime NOT NULL, "first_name" varchar(150) NOT NULL);
INSERT INTO auth_user VALUES(1,'pbkdf2_sha256$600000$yoXQnJERiWxdmKjsJRzweU$FCF96J25xAibRbKiF2sYcKvfzY8/MuZtps+qzS71PSw=','2024-11-02 18:57:09.416739',1,'Boris','','betttttt@yandex.ru',1,1,'2024-11-02 11:41:48.188666','');
CREATE TABLE IF NOT EXISTS "catalog_category" ("id" integer NOT NULL PRIMARY KEY AUTOINCREMENT, "name" varchar(150) NOT NULL UNIQUE, "is_published" bool NOT NULL, "slug" varchar(200) NOT NULL UNIQUE, "weight" smallint unsigned NOT NULL CHECK ("weight" >= 0));
INSERT INTO catalog_category VALUES(1,'electronics',1,'expensive',100);
INSERT INTO catalog_category VALUES(2,'home',1,'nice',100);
CREATE TABLE IF NOT EXISTS "catalog_item" ("id" integer NOT NULL PRIMARY KEY AUTOINCREMENT, "name" varchar(150) NOT NULL UNIQUE, "is_published" bool NOT NULL, "text" text NOT NULL, "on_main" bool NOT NULL, "category_id" bigint NOT NULL REFERENCES "catalog_category" ("id") DEFERRABLE INITIALLY DEFERRED);
INSERT INTO catalog_item VALUES(3,'iphone12',1,'роскошно',1,1);
INSERT INTO catalog_item VALUES(4,'iPhone 16 pro max',1,'роскошно',1,1);
INSERT INTO catalog_item VALUES(5,'iPhone 15',1,'превосходно',1,2);
INSERT INTO catalog_item VALUES(6,'iPhone 11',1,'превосходно',1,1);
INSERT INTO catalog_item VALUES(7,'iPhone 7 max',1,'превосходно',1,1);
CREATE TABLE IF NOT EXISTS "catalog_tag" ("id" integer NOT NULL PRIMARY KEY AUTOINCREMENT, "name" varchar(150) NOT NULL UNIQUE, "is_published" bool NOT NULL, "slug" varchar(200) NOT NULL UNIQUE);
INSERT INTO catalog_tag VALUES(1,'didgital',1,'expensive');
INSERT INTO catalog_tag VALUES(4,'smart',1,'nice');
INSERT INTO catalog_tag VALUES(5,'expensive',1,'expensive_and_nice');
INSERT INTO catalog_tag VALUES(6,'common',1,'common');
INSERT INTO catalog_tag VALUES(7,'user_love',1,'user_love');
CREATE TABLE IF NOT EXISTS "catalog_item_tags" ("id" integer NOT NULL PRIMARY KEY AUTOINCREMENT, "item_id" bigint NOT NULL REFERENCES "catalog_item" ("id") DEFERRABLE INITIALLY DEFERRED, "tag_id" bigint NOT NULL REFERENCES "catalog_tag" ("id") DEFERRABLE INITIALLY DEFERRED);
INSERT INTO catalog_item_tags VALUES(3,3,1);
INSERT INTO catalog_item_tags VALUES(4,4,5);
INSERT INTO catalog_item_tags VALUES(5,5,6);
INSERT INTO catalog_item_tags VALUES(6,6,7);
INSERT INTO catalog_item_tags VALUES(7,7,1);
INSERT INTO catalog_item_tags VALUES(8,7,7);
CREATE TABLE IF NOT EXISTS "django_session" ("session_key" varchar(40) NOT NULL PRIMARY KEY, "session_data" text NOT NULL, "expire_date" datetime NOT NULL);
INSERT INTO django_session VALUES('l5u3o3hfumz9t6192l0rb27lhvsel1ck','.eJxVjEEOwiAQRe_C2hCgFNCle89ABmZGqgaS0q6Md7dNutDtf-_9t4iwLiWuneY4obgILU6_W4L8pLoDfEC9N5lbXeYpyV2RB-3y1pBe18P9OyjQy1afkbxV3lkEx-QAQ-LMhkClIQc_YDI8BtCcnTYjKebNhyFA0OyUJfH5AhJqOPc:1t7CW7:qncRarPmNvrhAtlwKJ4gh7bR6GvplcUJiwBhCPccgNE','2024-11-16 11:42:07.123258');
INSERT INTO django_session VALUES('tb9woy7oagnh2sbrjwnlfhco2xqw411h','.eJxVjEEOwiAQRe_C2hCgFNCle89ABmZGqgaS0q6Md7dNutDtf-_9t4iwLiWuneY4obgILU6_W4L8pLoDfEC9N5lbXeYpyV2RB-3y1pBe18P9OyjQy1afkbxV3lkEx-QAQ-LMhkClIQc_YDI8BtCcnTYjKebNhyFA0OyUJfH5AhJqOPc:1t7JJ7:xoS_T9mSi78_ma7n1uq32KD4fSbRp3vwLhKsG0u3g0g','2024-11-16 18:57:09.428125');
CREATE TABLE IF NOT EXISTS "catalog_image" ("id" integer NOT NULL PRIMARY KEY AUTOINCREMENT, "item_id" bigint NOT NULL REFERENCES "catalog_item" ("id") DEFERRABLE INITIALLY DEFERRED, "image" varchar(100) NOT NULL);
INSERT INTO catalog_image VALUES(3,3,'items/iphone12_camera.jpeg');
INSERT INTO catalog_image VALUES(4,6,'items/iphone11_campera.jpg');
INSERT INTO catalog_image VALUES(5,7,'items/iphone7_all_sides.jpeg');
CREATE TABLE IF NOT EXISTS "catalog_mainimage" ("id" integer NOT NULL PRIMARY KEY AUTOINCREMENT, "item_id" bigint NOT NULL UNIQUE REFERENCES "catalog_item" ("id") DEFERRABLE INITIALLY DEFERRED, "image" varchar(100) NOT NULL);
INSERT INTO catalog_mainimage VALUES(4,3,'items/iphone12.jpeg');
INSERT INTO catalog_mainimage VALUES(5,4,'items/iphone16main.jpeg');
INSERT INTO catalog_mainimage VALUES(6,5,'items/iphone15main.jpeg');
INSERT INTO catalog_mainimage VALUES(7,6,'items/iphone-11.jpg');
INSERT INTO catalog_mainimage VALUES(8,7,'items/iphone7main.jpeg');
CREATE TABLE IF NOT EXISTS "thumbnail_kvstore" ("key" varchar(200) NOT NULL PRIMARY KEY, "value" text NOT NULL);
INSERT INTO thumbnail_kvstore VALUES('sorl-thumbnail||image||b6cc7ea3e965e54730159dd492fc8660','{"name": "items/iphone12.jpeg", "storage": "django.core.files.storage.filesystem.FileSystemStorage", "size": [1144, 1144]}');
INSERT INTO thumbnail_kvstore VALUES('sorl-thumbnail||image||47a9de1d7eaa2e42595069bce00d669d','{"name": "cache/53/27/53277a854157b8866fbab0a1d3d919ae.jpg", "storage": "django.core.files.storage.filesystem.FileSystemStorage", "size": [50, 50]}');
INSERT INTO thumbnail_kvstore VALUES('sorl-thumbnail||thumbnails||b6cc7ea3e965e54730159dd492fc8660','["e46cee220ec58a388906e4d238de1649", "47a9de1d7eaa2e42595069bce00d669d", "4ab38a1a6915389b007afaa2447fe531"]');
INSERT INTO thumbnail_kvstore VALUES('sorl-thumbnail||image||0db41015a527f98af57f218962a19a6a','{"name": "media/items/iphone-11-green.jpg", "storage": "django.core.files.storage.filesystem.FileSystemStorage", "size": [512, 512]}');
INSERT INTO thumbnail_kvstore VALUES('sorl-thumbnail||image||0c1b52baab3852018fc9af488060aabe','{"name": "cache/6e/cf/6ecf223d65604e4200d30a0b9ec7dfa5.jpg", "storage": "django.core.files.storage.filesystem.FileSystemStorage", "size": [50, 50]}');
INSERT INTO thumbnail_kvstore VALUES('sorl-thumbnail||thumbnails||0db41015a527f98af57f218962a19a6a','["175b0651bf4af98506f8bd89d993fe89", "51fecdb46da0315126df69d26d700643", "0c1b52baab3852018fc9af488060aabe"]');
INSERT INTO thumbnail_kvstore VALUES('sorl-thumbnail||image||4ab38a1a6915389b007afaa2447fe531','{"name": "cache/14/dc/14dc5b58243a9918b18c6938bfdd391e.jpg", "storage": "django.core.files.storage.filesystem.FileSystemStorage", "size": [50, 50]}');
INSERT INTO thumbnail_kvstore VALUES('sorl-thumbnail||image||175b0651bf4af98506f8bd89d993fe89','{"name": "cache/dc/5e/dc5e167974e4cf71e2d789cd9dc10569.jpg", "storage": "django.core.files.storage.filesystem.FileSystemStorage", "size": [50, 50]}');
INSERT INTO thumbnail_kvstore VALUES('sorl-thumbnail||image||f8c5badbed752f75d8f6d4539a5dcf52','{"name": "items/iphone12_camera.jpeg", "storage": "django.core.files.storage.filesystem.FileSystemStorage", "size": [190, 266]}');
INSERT INTO thumbnail_kvstore VALUES('sorl-thumbnail||image||c6e7a560c585b274992cfb1e446797d7','{"name": "cache/0d/0f/0d0f4b57bb9c139b807167e4099f62fa.jpg", "storage": "django.core.files.storage.filesystem.FileSystemStorage", "size": [100, 100]}');
INSERT INTO thumbnail_kvstore VALUES('sorl-thumbnail||thumbnails||f8c5badbed752f75d8f6d4539a5dcf52','["c6e7a560c585b274992cfb1e446797d7"]');
INSERT INTO thumbnail_kvstore VALUES('sorl-thumbnail||image||e46cee220ec58a388906e4d238de1649','{"name": "cache/19/bf/19bf58d20a54263cb40c3b5f6485ee96.jpg", "storage": "django.core.files.storage.filesystem.FileSystemStorage", "size": [150, 150]}');
INSERT INTO thumbnail_kvstore VALUES('sorl-thumbnail||image||51fecdb46da0315126df69d26d700643','{"name": "cache/74/e1/74e15d900a90b723f34638c8da0d2a34.jpg", "storage": "django.core.files.storage.filesystem.FileSystemStorage", "size": [150, 150]}');
INSERT INTO thumbnail_kvstore VALUES('sorl-thumbnail||image||00cddd7c38ccb65891475e39348f4a91','{"name": "media/items/iphone11_campera.jpg", "storage": "django.core.files.storage.filesystem.FileSystemStorage", "size": [700, 700]}');
INSERT INTO thumbnail_kvstore VALUES('sorl-thumbnail||image||5dcf62d3db9f0c574b9a3f1e56a0ad39','{"name": "cache/18/24/1824ad2fc3b2446f457737be904e08de.jpg", "storage": "django.core.files.storage.filesystem.FileSystemStorage", "size": [100, 100]}');
INSERT INTO thumbnail_kvstore VALUES('sorl-thumbnail||thumbnails||00cddd7c38ccb65891475e39348f4a91','["5dcf62d3db9f0c574b9a3f1e56a0ad39"]');
INSERT INTO thumbnail_kvstore VALUES('sorl-thumbnail||image||fd5eac6446a62794bbb855ce306c70bd','{"name": "items/iphone16main.jpeg", "storage": "django.core.files.storage.filesystem.FileSystemStorage", "size": [1000, 1000]}');
INSERT INTO thumbnail_kvstore VALUES('sorl-thumbnail||image||649b35b9895a34ce029f9ca3a5665d36','{"name": "cache/5c/9d/5c9d58579c1ee6ff606f620a763b8136.jpg", "storage": "django.core.files.storage.filesystem.FileSystemStorage", "size": [50, 50]}');
INSERT INTO thumbnail_kvstore VALUES('sorl-thumbnail||thumbnails||fd5eac6446a62794bbb855ce306c70bd','["649b35b9895a34ce029f9ca3a5665d36"]');
INSERT INTO thumbnail_kvstore VALUES('sorl-thumbnail||image||7c79fa6557eecdf2c9cf57d111a9fe59','{"name": "items/iphone15main.jpeg", "storage": "django.core.files.storage.filesystem.FileSystemStorage", "size": [1000, 1000]}');
INSERT INTO thumbnail_kvstore VALUES('sorl-thumbnail||image||981de8f9fea61da80ce400cfe4dad4e8','{"name": "cache/e8/79/e879166fd70a9e8d8a1ebd7f7b9a1f07.jpg", "storage": "django.core.files.storage.filesystem.FileSystemStorage", "size": [50, 50]}');
INSERT INTO thumbnail_kvstore VALUES('sorl-thumbnail||thumbnails||7c79fa6557eecdf2c9cf57d111a9fe59','["981de8f9fea61da80ce400cfe4dad4e8"]');
INSERT INTO thumbnail_kvstore VALUES('sorl-thumbnail||image||b804bc0b01806d105ef48b7e5e28121a','{"name": "items/iphone-11.jpg", "storage": "django.core.files.storage.filesystem.FileSystemStorage", "size": [512, 512]}');
INSERT INTO thumbnail_kvstore VALUES('sorl-thumbnail||image||77b1a15356d615a1ddf087aee4030025','{"name": "cache/b1/65/b1657bb483b17db910a8b205b38fb5d4.jpg", "storage": "django.core.files.storage.filesystem.FileSystemStorage", "size": [50, 50]}');
INSERT INTO thumbnail_kvstore VALUES('sorl-thumbnail||thumbnails||b804bc0b01806d105ef48b7e5e28121a','["77b1a15356d615a1ddf087aee4030025"]');
INSERT INTO thumbnail_kvstore VALUES('sorl-thumbnail||image||d849ab8040b61646548ba740622873f1','{"name": "items/iphone7main.jpeg", "storage": "django.core.files.storage.filesystem.FileSystemStorage", "size": [704, 704]}');
INSERT INTO thumbnail_kvstore VALUES('sorl-thumbnail||image||d378161c8fbe069660be61d78e02eb4f','{"name": "cache/0f/35/0f35152d49f4ab34585c5b0ccf0b9e2f.jpg", "storage": "django.core.files.storage.filesystem.FileSystemStorage", "size": [50, 50]}');
INSERT INTO thumbnail_kvstore VALUES('sorl-thumbnail||thumbnails||d849ab8040b61646548ba740622873f1','["d378161c8fbe069660be61d78e02eb4f"]');
DELETE FROM sqlite_sequence;
INSERT INTO sqlite_sequence VALUES('django_migrations',21);
INSERT INTO sqlite_sequence VALUES('django_admin_log',23);
INSERT INTO sqlite_sequence VALUES('django_content_type',12);
INSERT INTO sqlite_sequence VALUES('auth_permission',48);
INSERT INTO sqlite_sequence VALUES('auth_group',0);
INSERT INTO sqlite_sequence VALUES('auth_user',1);
INSERT INTO sqlite_sequence VALUES('catalog_category',2);
INSERT INTO sqlite_sequence VALUES('catalog_tag',7);
INSERT INTO sqlite_sequence VALUES('catalog_item',7);
INSERT INTO sqlite_sequence VALUES('catalog_item_tags',8);
INSERT INTO sqlite_sequence VALUES('catalog_image',5);
INSERT INTO sqlite_sequence VALUES('catalog_mainimage',8);
CREATE UNIQUE INDEX "auth_group_permissions_group_id_permission_id_0cd325b0_uniq" ON "auth_group_permissions" ("group_id", "permission_id");
CREATE INDEX "auth_group_permissions_group_id_b120cbf9" ON "auth_group_permissions" ("group_id");
CREATE INDEX "auth_group_permissions_permission_id_84c5c92e" ON "auth_group_permissions" ("permission_id");
CREATE UNIQUE INDEX "auth_user_groups_user_id_group_id_94350c0c_uniq" ON "auth_user_groups" ("user_id", "group_id");
CREATE INDEX "auth_user_groups_user_id_6a12ed8b" ON "auth_user_groups" ("user_id");
CREATE INDEX "auth_user_groups_group_id_97559544" ON "auth_user_groups" ("group_id");
CREATE UNIQUE INDEX "auth_user_user_permissions_user_id_permission_id_14a6b632_uniq" ON "auth_user_user_permissions" ("user_id", "permission_id");
CREATE INDEX "auth_user_user_permissions_user_id_a95ead1b" ON "auth_user_user_permissions" ("user_id");
CREATE INDEX "auth_user_user_permissions_permission_id_1fbb5f2c" ON "auth_user_user_permissions" ("permission_id");
CREATE INDEX "django_admin_log_content_type_id_c4bce8eb" ON "django_admin_log" ("content_type_id");
CREATE INDEX "django_admin_log_user_id_c564eba6" ON "django_admin_log" ("user_id");
CREATE UNIQUE INDEX "django_content_type_app_label_model_76bd3d3b_uniq" ON "django_content_type" ("app_label", "model");
CREATE UNIQUE INDEX "auth_permission_content_type_id_codename_01ab375a_uniq" ON "auth_permission" ("content_type_id", "codename");
CREATE INDEX "auth_permission_content_type_id_2f476e4b" ON "auth_permission" ("content_type_id");
CREATE INDEX "catalog_item_category_id_a5ca86ac" ON "catalog_item" ("category_id");
CREATE UNIQUE INDEX "catalog_item_tags_item_id_tag_id_31c4b3a2_uniq" ON "catalog_item_tags" ("item_id", "tag_id");
CREATE INDEX "catalog_item_tags_item_id_341300c1" ON "catalog_item_tags" ("item_id");
CREATE INDEX "catalog_item_tags_tag_id_1f721563" ON "catalog_item_tags" ("tag_id");
CREATE INDEX "django_session_expire_date_a5c62663" ON "django_session" ("expire_date");
CREATE INDEX "catalog_image_item_id_f2362080" ON "catalog_image" ("item_id");
COMMIT;
